comid,metric,area,p10,p25,p50,p75,p90
3917070,DS_Dur_WS,1.6476641546557254,63,106.8,170.45,226.46666666666667,271.1966666666667
3917070,DS_Mag_50,1.6476641546557254,0.00699879863327436,0.01847605394102775,0.03144407815768033,0.06190935655798194,0.12411416832873907
3917070,DS_Mag_90,1.6476641546557254,0.0135250356267871,0.03618776610854259,0.0793126907571694,0.19113420206077303,0.3730212319574789
3917070,DS_Tim,1.6476641546557254,182.39166666666665,235.725,293.29166666666663,330.5,355.35
3917070,FA_Dur,1.6476641546557254,4,7.333333333333334,15.75,24.85,28
3917070,FA_Mag,1.6476641546557254,0.09413914980627858,0.19829714006493063,0.4936294963263216,1.006944042817289,2.4155378742319344
3917070,FA_Tim,1.6476641546557254,6,13,35.4,49.5,61.666666666666664
3917070,Peak_10,1.6476641546557254,3.893578713974539,8.247606157694582,23.18800582165363,35.39489119391155,57.829318923539056
3917070,Peak_2,1.6476641546557254,0.6605925744128612,1.615020856181099,3.7150343105453074,9.091629494580877,19.615119096366897
3917070,Peak_5,1.6476641546557254,3.4862810995581985,5.820897616522207,13.062573357700558,19.758276446073836,38.02943096070222
3917070,Peak_Dur_10,1.6476641546557254,1.4,4.383333333333334,11,16,19
3917070,Peak_Dur_2,1.6476641546557254,1,2.5,9,38,73.71666666666697
3917070,Peak_Dur_5,1.6476641546557254,1,2,7.799999999999999,21.749999999999996,39
3917070,Peak_Fre_10,1.6476641546557254,1,1,2,2.5,4
3917070,Peak_Fre_2,1.6476641546557254,1,1.3666666666666667,2,4,5.333333333333333
3917070,Peak_Fre_5,1.6476641546557254,1,1.2916666666666663,2,3,4
3917070,SP_Dur,1.6476641546557254,29.5,72,142.25,195.6375,250.67500000000004
3917070,SP_Mag,1.6476641546557254,0.15836802197968025,0.5977797839611346,1.9400816247819843,3.9204895773091706,9.961827934557617
3917070,SP_ROC,1.6476641546557254,0.0872098059,0.19173728475,0.3705739588,0.666666667,1
3917070,SP_Tim,1.6476641546557254,175.6,231,254.4,271,285
3917070,Wet_BFL_Dur,1.6476641546557254,31.800000000000004,57.375,127,216.025,262.02500000000003
3917070,Wet_BFL_Mag_10,1.6476641546557254,0.01043014150398308,0.02565171440214859,0.05693131931290521,0.11619171023581971,0.2206468562575608
3917070,Wet_BFL_Mag_50,1.6476641546557254,0.01265433590979994,0.03855930512167668,0.08752702134059523,0.2556414144153024,1.2145987081375669
3917070,Wet_Tim,1.6476641546557254,31,83.44999999999999,150.65,186.75,210
3917072,DS_Dur_WS,0.08670461658365454,61,97.64583333333331,167.58333333333331,231.08333333333337,283.82000000000005
3917072,DS_Mag_50,0.08670461658365454,4.037533311759552e-4,9.766522005503417e-4,0.0016994695617978,0.00335443424346911,0.00656839981117683
3917072,DS_Mag_90,0.08670461658365454,7.982166879352499e-4,0.00203818215279139,0.00446827709963244,0.01048304065154,0.02074348800086785
3917072,DS_Tim,0.08670461658365454,173,226.65,285.225,327,353
3917072,FA_Dur,0.08670461658365454,4.245,7.75,17,25.333333333333332,28
3917072,FA_Mag,0.08670461658365454,0.00548338258280101,0.01392376321813268,0.03110312511459363,0.05298816321698189,0.1725531805530539
3917072,FA_Tim,0.08670461658365454,5.393333333333335,13,35,49.525,61
3917072,Peak_10,0.08670461658365454,0.2048908138102815,0.5023995380055486,1.2202166008315674,1.8625764609350923,3.043137711281343
3917072,Peak_2,0.08670461658365454,0.03476219696874097,0.08498683649462928,0.2076794405514391,0.4784265332354638,1.032201480919255
3917072,Peak_5,0.08670461658365454,0.1241959748825189,0.3024549152637849,0.7145266717891868,1.0455947860334909,2.052090419322574
3917072,Peak_Dur_10,0.08670461658365454,1.6600000000000006,4.4,11,16,19
3917072,Peak_Dur_2,0.08670461658365454,1,3,9.583333333333332,37.90625,77.75000000000011
3917072,Peak_Dur_5,0.08670461658365454,1,2.5,8,24,84
3917072,Peak_Fre_10,0.08670461658365454,1,1,2,2.5,4
3917072,Peak_Fre_2,0.08670461658365454,1,2,3,4.5,5.666666666666666
3917072,Peak_Fre_5,0.08670461658365454,1,1.6666666666666667,2.5,3.3333333333333335,4
3917072,SP_Dur,0.08670461658365454,28.5,70.33333333333333,141,196.125,251.05000000000007
3917072,SP_Mag,0.08670461658365454,0.01223247886364192,0.05509450528303045,0.16007474627556492,0.3382977287032788,0.7196269630335658
3917072,SP_ROC,0.08670461658365454,0.11523517736666668,0.23714135840625,0.49863332431250007,0.75,1
3917072,SP_Tim,0.08670461658365454,164,230.33333333333337,254.25,271,285
3917072,Wet_BFL_Dur,0.08670461658365454,32,58.00000000000001,131,218.525,265.4
3917072,Wet_BFL_Mag_10,0.08670461658365454,5.393419792464186e-4,0.00133846138826678,0.00298283658798881,0.00634875222515388,0.01171362147117069
3917072,Wet_BFL_Mag_50,0.08670461658365454,7.094099587517758e-4,0.00224017446211845,0.00466315925103646,0.01365823808352377,0.0639155224652407
3917072,Wet_Tim,0.08670461658365454,31.659999999999997,86.3125,151,187.625,216.10000000000016
3917082,DS_Dur_WS,1.4796601085123264,63,106.3625,170,226.45,271.03333333333336
3917082,DS_Mag_50,1.4796601085123264,0.00637434569010667,0.01634125854951629,0.0280653258319549,0.05532543100826512,0.11124517405017652
3917082,DS_Mag_90,1.4796601085123264,0.01214654239980853,0.0322301073713705,0.07051839465845268,0.17188682744752282,0.3345636705344952
3917082,DS_Tim,1.4796601085123264,182.93333333333337,235.25,292.25,330.2708333333333,356
3917082,FA_Dur,1.4796601085123264,4.2,7.4875,16,25,28
3917082,FA_Mag,1.4796601085123264,0.08488468205637717,0.1808041045384593,0.45389781464619094,0.9042710114502602,2.272439235573338
3917082,FA_Tim,1.4796601085123264,5.980000000000001,13,35,49.5,61.51000000000001
3917082,Peak_10,1.4796601085123264,3.4965700298460587,7.3645920673626275,20.823641221606547,31.785851744591856,51.93275345088566
3917082,Peak_2,1.4796601085123264,0.5932352643445151,1.4503452833844714,3.3204720852147966,8.16460165531505,17.581852136118915
3917082,Peak_5,1.4796601085123264,2.48048419162675,5.2109156679746675,11.73064829825348,17.966434599989068,35.02000760942601
3917082,Peak_Dur_10,1.4796601085123264,1.4,4.4,11,16,19
3917082,Peak_Dur_2,1.4796601085123264,1,2.5,9,36.65,77.75000000000011
3917082,Peak_Dur_5,1.4796601085123264,1,2,8,21.749999999999996,39
3917082,Peak_Fre_10,1.4796601085123264,1,1,2,2.5,4
3917082,Peak_Fre_2,1.4796601085123264,1,1.5,2,4,5.5
3917082,Peak_Fre_5,1.4796601085123264,1,1.4875,2,3,4
3917082,SP_Dur,1.4796601085123264,29.589999999999996,72,142.54166666666669,196,250.51666666666668
3917082,SP_Mag,1.4796601085123264,0.1438410439021806,0.5551074976813808,1.784240862637495,3.52073692748073,9.094528234269678
3917082,SP_ROC,1.4796601085123264,0.09009173884250002,0.19573317303125,0.3749999998125,0.671875,1
3917082,SP_Tim,1.4796601085123264,175.975,231,254.45,271,285
3917082,Wet_BFL_Dur,1.4796601085123264,31.950000000000003,57.375,127,216.24166666666667,262.29166666666674
3917082,Wet_BFL_Mag_10,1.4796601085123264,0.00928110103023847,0.02296023952407453,0.05176233817159789,0.1059115288471946,0.2073597749666924
3917082,Wet_BFL_Mag_50,1.4796601085123264,0.01136403677444713,0.03505233995182643,0.0786023301706449,0.22947095317390245,1.0907521725246745
3917082,Wet_Tim,1.4796601085123264,31,83.45,150.95,186.7625,210.21000000000004
3917084,DS_Dur_WS,14.98966096839984,65.97,121.075,180.375,227.85,264
3917084,DS_Mag_50,14.98966096839984,0.04361821617087044,0.15873307425878816,0.2721360713507329,0.5151219006812835,1.052554215193522
3917084,DS_Mag_90,14.98966096839984,0.0990710760675432,0.3034390315109662,0.6633925812042576,1.6738483214562312,3.29853012309854
3917084,DS_Tim,14.98966096839984,185.565,238.5,291.875,329,352.02000000000004
3917084,FA_Dur,14.98966096839984,3,5.5,10,19,21.9
3917084,FA_Mag,14.98966096839984,0.6182238362030269,1.2079244912684095,2.9230450951435496,5.487368333886938,12.340533588954818
3917084,FA_Tim,14.98966096839984,3.887500000000001,12.975,36.1,53,62.50500000000001
3917084,Peak_10,14.98966096839984,24.46643523257959,68.86185581340109,192.86717131798576,322.00580288826734,522.8792601242094
3917084,Peak_2,14.98966096839984,6.009755507948304,14.692687840931898,32.26889062492128,82.7112997445448,178.14617316502725
3917084,Peak_5,14.98966096839984,21.349886678429016,48.41249626643943,118.83704907551162,195.0125946227572,370.97460809220553
3917084,Peak_Dur_10,14.98966096839984,1,3,9.5,16,19
3917084,Peak_Dur_2,14.98966096839984,1,2,9.766666666666667,38,80.33333333333333
3917084,Peak_Dur_5,14.98966096839984,1,1.7687499999999998,6,16.4,31.499999999999996
3917084,Peak_Fre_10,14.98966096839984,1,1,2,2.333333333333333,4
3917084,Peak_Fre_2,14.98966096839984,1,1,2,3,4.455000000000007
3917084,Peak_Fre_5,14.98966096839984,1,1,2,3,4
3917084,SP_Dur,14.98966096839984,28.2875,67.45,136.5625,186.2625,235.28000000000003
3917084,SP_Mag,14.98966096839984,1.0700653102408535,3.053678895944132,9.955294336460543,25.868336314147022,45.684139278424624
3917084,SP_ROC,14.98966096839984,0.06420887457999999,0.11910353515,0.24097121925,0.5,0.7821240699500003
3917084,SP_Tim,14.98966096839984,200,232.38333333333335,254.66666666666663,270,285
3917084,Wet_BFL_Dur,14.98966096839984,31.589999999999996,61.25,123.05,202.65208333333337,255
3917084,Wet_BFL_Mag_10,14.98966096839984,0.08288220380083422,0.23738692836077604,0.5148398832522576,0.97974162465883885,1.7899512655373595
3917084,Wet_BFL_Mag_50,14.98966096839984,0.11042865926137184,0.34113604468600167,0.7898051930504401,2.1264142324591444,10.658345010585032
3917084,Wet_Tim,14.98966096839984,28.959999999999997,76.39583333333333,148,185,206.2
3917106,DS_Dur_WS,26.659524181005317,73.19999999999999,126.92708333333331,182.41666666666669,227.3125,265.6400000000001
3917106,DS_Mag_50,26.659524181005317,0.06358479368809193,0.2699372370719022,0.4854054505807446,0.9248349744071918,1.9247657034945624
3917106,DS_Mag_90,26.659524181005317,0.17670859012287213,0.5625728707888473,1.232826426406946,2.982676056400917,5.971319256558466
3917106,DS_Tim,26.659524181005317,188.5,237.175,289,325.6041666666667,346.73750000000007
3917106,FA_Dur,26.659524181005317,3,5,9.425,18,21
3917106,FA_Mag,26.659524181005317,1.1199293891652604,2.136975701397998,4.893172911775556,9.241085652065506,18.74252416281902
3917106,FA_Tim,26.659524181005317,2.1800000000000006,11.45,35.25,51.166666666666664,62.78500000000001
3917106,Peak_10,26.659524181005317,166.07285340015326,356.7032613835108,572.6961741577136,757.6331079159079,999.5924681717732
3917106,Peak_2,26.659524181005317,19.62544432222538,43.3738639489622,72.76971895320375,169.60941995544025,420.0921029143038
3917106,Peak_5,26.659524181005317,89.37579945739323,171.95202546063285,304.0436145398936,492.43308315597545,913.2431391374254
3917106,Peak_Dur_10,26.659524181005317,1,2.5875000000000004,9.25,16,19
3917106,Peak_Dur_2,26.659524181005317,1,2,10,37.35,80.50000000000023
3917106,Peak_Dur_5,26.659524181005317,1,1.5,5.5,16,31.499999999999996
3917106,Peak_Fre_10,26.659524181005317,1,1,2,2.2916666666666665,3.555000000000007
3917106,Peak_Fre_2,26.659524181005317,1,1,2,2.2,4
3917106,Peak_Fre_5,26.659524181005317,1,1,2,3,4
3917106,SP_Dur,26.659524181005317,29,66,130.8625,180.34583333333336,229.6208333333334
3917106,SP_Mag,26.659524181005317,1.9766346832541335,5.405004170570517,17.157393990373848,43.830917694565585,74.12008077848148
3917106,SP_ROC,26.659524181005317,0.0592622284775,0.1010070596875,0.20755055422916668,0.492857142875,0.75
3917106,SP_Tim,26.659524181005317,202.215,232.95,254.4,266.3020833333333,284.11
3917106,Wet_BFL_Dur,26.659524181005317,30.876666666666665,63,118,192.8125,249.3875
3917106,Wet_BFL_Mag_10,26.659524181005317,0.14740827835008916,0.4276658915962205,0.9221529313639808,1.7355093503324996,3.045919942679346
3917106,Wet_BFL_Mag_50,26.659524181005317,0.1900629422482932,0.552364051317294,1.401573453491837,3.5437847916986116,17.46812693057195
3917106,Wet_Tim,26.659524181005317,24.975,64.75,135.33333333333331,175,202
3917114,DS_Dur_WS,1.9855813801030635,63,106.3,169.675,225.66666666666663,271.03333333333336
3917114,DS_Mag_50,1.9855813801030635,0.00907596168348293,0.02231274978555919,0.0379512516800879,0.07569478857635809,0.15068032512543814
3917114,DS_Mag_90,1.9855813801030635,0.01641383073906789,0.04339018460249305,0.0949941653760803,0.2294376275707246,0.44952365472357775
3917114,DS_Tim,1.9855813801030635,176.9,229.7125,285.45,326.075,352.13
3917114,FA_Dur,1.9855813801030635,4,7.333333333333334,15.541666666666666,24.85,28
3917114,FA_Mag,1.9855813801030635,0.11249679218696432,0.23761094119952145,0.5939566842121131,1.2134568422661802,2.9076625666633267
3917114,FA_Tim,1.9855813801030635,5.980000000000001,13,35.29166666666667,49.3125,61.67500000000002
3917114,Peak_10,1.9855813801030635,4.692107535742835,10.049281243019465,27.943602748836376,42.653981824402415,69.68945616384622
3917114,Peak_2,1.9855813801030635,0.7960726170331675,1.94624331144798,4.476945700748149,10.95621955980924,23.593390149783964
3917114,Peak_5,1.9855813801030635,2.8425457529340408,6.412883610483211,15.7415589590829,23.38112470768231,45.82883580863177
3917114,Peak_Dur_10,1.9855813801030635,1.4,4.383333333333334,11,16,19
3917114,Peak_Dur_2,1.9855813801030635,1,2.4875,9,36,83
3917114,Peak_Dur_5,1.9855813801030635,1,2,7.8,21.61875,39
3917114,Peak_Fre_10,1.9855813801030635,1,1,2,2.5,4
3917114,Peak_Fre_2,1.9855813801030635,1,1.3333333333333337,2,4,5.295833333333339
3917114,Peak_Fre_5,1.9855813801030635,1,1.2916666666666663,2,3,4
3917114,SP_Dur,1.9855813801030635,29,70.43333333333334,140.05,194,249.755
3917114,SP_Mag,1.9855813801030635,0.18506839574751377,0.7015327738943611,2.2911688690670884,4.724537511844917,11.997319395793124
3917114,SP_ROC,1.9855813801030635,0.087104743,0.1909658763,0.3701702664166666,0.666666667,1
3917114,SP_Tim,1.9855813801030635,176.41666666666666,231,254.45,271,285
3917114,Wet_BFL_Dur,1.9855813801030635,32,57.8375,126.875,215.75,261.70000000000005
3917114,Wet_BFL_Mag_10,1.9855813801030635,0.01262129188761636,0.03081074080421425,0.06856069210189408,0.13619424542857045,0.25425108782967837
3917114,Wet_BFL_Mag_50,1.9855813801030635,0.0153088634112045,0.0471910784278798,0.10547782042759944,0.3040870552102929,1.4636991236112085
3917114,Wet_Tim,1.9855813801030635,30.989999999999995,81,148,185,209.3466666666667
3917130,DS_Dur_WS,76.38829502837316,75.715,129,182.23333333333335,224.06666666666663,259.71333333333337
3917130,DS_Mag_50,76.38829502837316,0.20810759783914903,0.7330473149791346,1.599235566893059,3.406505991781854,7.467266623795383
3917130,DS_Mag_90,76.38829502837316,0.6037091400931345,1.812540297250836,4.792105361342983,12.044825648553651,27.12088897008988
3917130,DS_Tim,76.38829502837316,207.56,256.45416666666665,297,328,348
3917130,FA_Dur,76.38829502837316,2.6666666666666665,4,8,15.341666666666663,20.25416666666667
3917130,FA_Mag,76.38829502837316,2.8399937628610528,5.931427994724617,11.483909886875498,19.908184269664993,34.83542629177657
3917130,FA_Tim,76.38829502837316,2,11.8,39.2,51,62.82000000000003
3917130,Peak_10,76.38829502837316,626.4112965973029,1175.4230589717938,1722.9749895257178,2664.6269899491535,3649.526371402309
3917130,Peak_2,76.38829502837316,65.47092808413984,127.03468304638412,258.5544457392418,733.1234857100462,1656.9805988635608
3917130,Peak_5,76.38829502837316,378.47577604804184,738.8706095386472,1116.6130309550765,1796.8295880494616,3144.385020406564
3917130,Peak_Dur_10,76.38829502837316,1,1.75,4.2,13.8625,17.5
3917130,Peak_Dur_2,76.38829502837316,1,2,12.666666666666668,37.54375,87.55000000000007
3917130,Peak_Dur_5,76.38829502837316,1,1.5,5,14.000000000000002,31.50833333333334
3917130,Peak_Fre_10,76.38829502837316,1,1,1.6666666666666667,2,3.2
3917130,Peak_Fre_2,76.38829502837316,1,1,2,2,3.55
3917130,Peak_Fre_5,76.38829502837316,1,1,2,2.5,3.555000000000007
3917130,SP_Dur,76.38829502837316,33.7,61.47916666666667,111.5,161.13541666666669,194.53000000000003
3917130,SP_Mag,76.38829502837316,6.226228529203658,16.256442415496835,41.378889329837605,107.11046006362656,181.7722180661424
3917130,SP_ROC,76.38829502837316,0.04344922181000001,0.05683398539166667,0.09541345760416668,0.18632960704166665,0.3963177447625006
3917130,SP_Tim,76.38829502837316,209,233,253.2125,264,282.02000000000004
3917130,Wet_BFL_Dur,76.38829502837316,35,68.975,108,166,216
3917130,Wet_BFL_Mag_10,76.38829502837316,0.44042982471877984,1.4153637087827995,3.164188486600811,5.763868923148097,10.203296908950923
3917130,Wet_BFL_Mag_50,76.38829502837316,0.8442724282807483,2.4337170857307227,5.863246356505462,12.079387686581484,48.3328513259537
3917130,Wet_Tim,76.38829502837316,20.495,61.4375,130.125,165.025,192
3917136,DS_Dur_WS,1.7936800594146354,63,105.25,169.45,225.54166666666663,271.03333333333336
3917136,DS_Mag_50,1.7936800594146354,0.00701121948728913,0.01962223892775712,0.03376935473105985,0.06654240576563224,0.13379296419588252
3917136,DS_Mag_90,1.7936800594146354,0.01386523619180696,0.03763858188039147,0.08236544369185822,0.2044813619871232,0.4055662384827297
3917136,DS_Tim,1.7936800594146354,181,230.375,285.9,327,353
3917136,FA_Dur,1.7936800594146354,4,7.24375,15.85,24.525,28
3917136,FA_Mag,1.7936800594146354,0.10397820181267992,0.21930069121692317,0.5508857561037377,1.096179367284418,2.7513376887991097
3917136,FA_Tim,1.7936800594146354,6,13,35,49.5,61.60666666666667
3917136,Peak_10,1.7936800594146354,4.238627440721778,8.97850855173408,25.24292559400923,38.53158446172259,62.95414991555422
3917136,Peak_2,1.7936800594146354,0.7191342512208184,1.7581439136642938,4.025157218762108,9.897329189286804,21.31314982590165
3917136,Peak_5,1.7936800594146354,2.9285718391416866,5.652245620103362,14.220177874321742,21.82645598879995,42.452107053647
3917136,Peak_Dur_10,1.7936800594146354,1.4,4.4,11,16,19
3917136,Peak_Dur_2,1.7936800594146354,1,2.5,9,36,83
3917136,Peak_Dur_5,1.7936800594146354,1,2,8,21.75625,39
3917136,Peak_Fre_10,1.7936800594146354,1,1,2,2.5,4
3917136,Peak_Fre_2,1.7936800594146354,1,1.5,2,4,5.5
3917136,Peak_Fre_5,1.7936800594146354,1,1.5,2,3,4
3917136,SP_Dur,1.7936800594146354,29.78,72,142.3125,195.75,249.85333333333335
3917136,SP_Mag,1.7936800594146354,0.1722240399438575,0.6511400684485544,2.1503219436752734,4.267923143252279,10.844644566094368
3917136,SP_ROC,1.7936800594146354,0.090514092675,0.19690920114583332,0.37349577675,0.666666667,1
3917136,SP_Tim,1.7936800594146354,176.41666666666666,231,254.4,271,285
3917136,Wet_BFL_Dur,1.7936800594146354,31.975,57,127,216.24166666666667,262.0458333333334
3917136,Wet_BFL_Mag_10,1.7936800594146354,0.01114975335489902,0.0277380354042316,0.0619731128788911,0.1251927052347231,0.2424856140112645
3917136,Wet_BFL_Mag_50,1.7936800594146354,0.01381296582201763,0.04197642857387251,0.09528366105129496,0.2781702842125851,1.3147027018133763
3917136,Wet_Tim,1.7936800594146354,30.979999999999993,81.53125,148.3125,186,210
3917138,DS_Dur_WS,0.11418535104027822,60.98333333333333,96.725,167.5,231,282.82000000000005
3917138,DS_Mag_50,0.11418535104027822,5.326696727843341e-4,0.00128218910830698,0.0022341087009242,0.00441583196958391,0.00871888807260599
3917138,DS_Mag_90,0.11418535104027822,0.00105087892211526,0.00261369318231807,0.00565132141982532,0.01351104663288997,0.02681361434569479
3917138,DS_Tim,0.11418535104027822,174.96666666666667,227.2375,285.3666666666667,327,353.3333333333333
3917138,FA_Dur,0.11418535104027822,4.333333333333333,7.75,17,26,28
3917138,FA_Mag,0.11418535104027822,0.00727914072621681,0.01876602265776526,0.04134100811331677,0.06978258201595305,0.2254615645215642
3917138,FA_Tim,0.11418535104027822,5.333333333333332,13,35,49.5,61
3917138,Peak_10,0.11418535104027822,0.26983026304352264,0.5763225573168362,1.6069601181696946,2.4529137595117003,4.007649898218635
3917138,Peak_2,0.11418535104027822,0.04577995751791696,0.11192312637215904,0.2574568947668402,0.6300622019563077,1.356791297238841
3917138,Peak_5,0.11418535104027822,0.1626350529332102,0.3598209429322664,0.9291437220554394,1.3769925108189256,2.7024935249054938
3917138,Peak_Dur_10,0.11418535104027822,1.6600000000000006,4.4,11,16,19
3917138,Peak_Dur_2,0.11418535104027822,1,3,9,36,83
3917138,Peak_Dur_5,0.11418535104027822,1,2.5,8.2,24,84
3917138,Peak_Fre_10,0.11418535104027822,1,1,2,2.5,4
3917138,Peak_Fre_2,0.11418535104027822,1,2,3,4.6,5.666666666666666
3917138,Peak_Fre_5,0.11418535104027822,1,1.6666666666666667,2.5,3.3333333333333335,4
3917138,SP_Dur,0.11418535104027822,28.725,70.25,141,196.125,251.51666666666668
3917138,SP_Mag,0.11418535104027822,0.01575664992974285,0.07211655860393615,0.20782337291384723,0.4446513771427313,0.9477102907520126
3917138,SP_ROC,0.11418535104027822,0.11526679294000002,0.2370854235625,0.498840867,0.75,1
3917138,SP_Tim,0.11418535104027822,164,230.33333333333337,254.25,271,285
3917138,Wet_BFL_Dur,0.11418535104027822,32,57.975,130.2,218.5,265.4
3917138,Wet_BFL_Mag_10,0.11418535104027822,7.09791299824759e-4,0.00176579836140537,0.00393660749287011,0.0083025214892983,0.01542621410877347
3917138,Wet_BFL_Mag_50,0.11418535104027822,9.379006879909248e-4,0.00296363925041988,0.00614376621855152,0.01792305467551722,0.084173330754249
3917138,Wet_Tim,0.11418535104027822,31.659999999999997,87.83333333333333,151.33333333333331,188,218
3917154,DS_Dur_WS,9.155398295939156,65,112,173.5,225.33333333333337,270
3917154,DS_Mag_50,9.155398295939156,0.02863341455717998,0.09954982489495422,0.17128009351911863,0.33070125344679857,0.6634719210201836
3917154,DS_Mag_90,9.155398295939156,0.0667101155431768,0.18721125405821648,0.4023764999247104,1.0234768419299536,2.0146791266183093
3917154,DS_Tim,9.155398295939156,183.325,239,293,330.6,354.46000000000004
3917154,FA_Dur,9.155398295939156,3.25,6,10.5,19.5,23
3917154,FA_Mag,9.155398295939156,0.382436972801817,0.7669467269115307,1.863079002711678,3.628030507176258,7.835674619589781
3917154,FA_Tim,9.155398295939156,4.490000000000001,12.875,35,49.212500000000006,62
3917154,Peak_10,9.155398295939156,21.635030307784938,42.11096506987979,117.79958034739929,196.67498719689016,319.36465389144473
3917154,Peak_2,9.155398295939156,3.670643749213127,8.974012788228768,19.709221366785137,50.518480326707206,108.78772642476515
3917154,Peak_5,9.155398295939156,13.52281690133278,29.56942700400756,72.55495083388891,107.80898302679708,200.21528141763935
3917154,Peak_Dur_10,9.155398295939156,1,4,10,15.520833333333332,19
3917154,Peak_Dur_2,9.155398295939156,1,2,8.4,36,80.60000000000036
3917154,Peak_Dur_5,9.155398295939156,1,2,6,17,31.680000000000017
3917154,Peak_Fre_10,9.155398295939156,1,1,2,2.333333333333333,4
3917154,Peak_Fre_2,9.155398295939156,1,1,2,3,5
3917154,Peak_Fre_5,9.155398295939156,1,1,2,3,4
3917154,SP_Dur,9.155398295939156,29,68.25,138,189.85,243.64000000000007
3917154,SP_Mag,9.155398295939156,0.7506772428056863,2.295737016916811,8.29502818717905,21.78456300934912,49.5732643624679
3917154,SP_ROC,9.155398295939156,0.06922189361666667,0.135694453325,0.28209350125,0.54580965875,0.875
3917154,SP_Tim,9.155398295939156,186,232.09375,254.70833333333331,271,285
3917154,Wet_BFL_Dur,9.155398295939156,31.315000000000005,58.3,121.625,199.8625,254.33999999999995
3917154,Wet_BFL_Mag_10,9.155398295939156,0.05509928702586293,0.14458105340212254,0.31375206537822214,0.6049174053582624,1.0743997357347213
3917154,Wet_BFL_Mag_50,9.155398295939156,0.06744771352439312,0.2090163043150423,0.4828921698740928,1.3377320416812692,6.506806501068266
3917154,Wet_Tim,9.155398295939156,27.6,74,147,183.24166666666665,206.01
3917156,DS_Dur_WS,3.1742526332585213,63,106.4,169.5,225.05,271.615
3917156,DS_Mag_50,3.1742526332585213,0.01362152161867136,0.03472522496971274,0.06020736378093627,0.11926941392894252,0.23864959569742544
3917156,DS_Mag_90,3.1742526332585213,0.02517021110486093,0.06743573345024625,0.14693844214086907,0.36362883459956735,0.710983277325817
3917156,DS_Tim,3.1742526332585213,177.98000000000002,230,285.1,326,352
3917156,FA_Dur,3.1742526332585213,4,7.199999999999999,15,24.5,28
3917156,FA_Mag,3.1742526332585213,0.17833604326959746,0.3486338007510378,0.912499594479956,1.939894589819864,2.871139575411865
3917156,FA_Tim,3.1742526332585213,5.333333333333332,13,35.29166666666667,49.212500000000006,61.75
3917156,Peak_10,3.1742526332585213,7.501044706659547,15.798949791384391,44.67208219066792,68.1888516289585,111.40915298418084
3917156,Peak_2,3.1742526332585213,1.2726426759458085,3.111364771160811,7.157075918398065,17.51517673200472,37.72473309877548
3917156,Peak_5,3.1742526332585213,4.521111861812109,10.00270669747662,25.15540409012752,37.37826986877471,73.2643366836825
3917156,Peak_Dur_10,3.1742526332585213,1.3291666666666668,4.25,10.733333333333334,16,19
3917156,Peak_Dur_2,3.1742526332585213,1,2,9,36,83
3917156,Peak_Dur_5,3.1742526332585213,1,2,7.45,20.78125,39
3917156,Peak_Fre_10,3.1742526332585213,1,1,2,2.5,4
3917156,Peak_Fre_2,3.1742526332585213,1,1,2,3.5,5
3917156,Peak_Fre_5,3.1742526332585213,1,1,2,3,4
3917156,SP_Dur,3.1742526332585213,29.38,70.9375,141,194.04166666666663,249.755
3917156,SP_Mag,3.1742526332585213,0.2895037338712132,1.0773900943133976,3.5844312045861666,7.5528889362993326,19.16803816304449
3917156,SP_ROC,3.1742526332585213,0.083333333,0.18341916175,0.3652985207,0.666666667,1
3917156,SP_Tim,3.1742526332585213,178.85000000000002,231.15,254.5,271,285
3917156,Wet_BFL_Dur,3.1742526332585213,31.180000000000003,57,125.25,214.275,258.88750000000005
3917156,Wet_BFL_Mag_10,3.1742526332585213,0.0201041235637984,0.04908764607219553,0.1090836579382122,0.21267311870681188,0.3833884788734701
3917156,Wet_BFL_Mag_50,3.1742526332585213,0.02408946533773166,0.0744649029784524,0.16769690872250465,0.4801744212373778,2.2972831972191115
3917156,Wet_Tim,3.1742526332585213,30.770000000000007,78.1875,147.0625,185,209.57083333333335
3917158,DS_Dur_WS,2.146409021493008,61,101.4375,168.625,229,278.30500000000006
3917158,DS_Mag_50,2.146409021493008,0.00924737849077164,0.02348097166792059,0.04090595243821118,0.08064920333151583,0.1616832956177109
3917158,DS_Mag_90,2.146409021493008,0.01698538742970396,0.04617311656043101,0.10180428837702246,0.24094523798792547,0.4946894950140821
3917158,DS_Tim,2.146409021493008,172,224.95,288.5,329,354.0400000000001
3917158,FA_Dur,2.146409021493008,4.1800000000000015,7.4875,16.25,26,28
3917158,FA_Mag,2.146409021493008,0.1250646918252453,0.2751089952259369,0.6858389408325257,1.3117441266987273,3.5935086647016807
3917158,FA_Tim,2.146409021493008,5.324999999999999,13,35,48.85,61.33333333333333
3917158,Peak_10,2.146409021493008,5.072157729445968,12.128292734891447,30.206971939878873,46.10885874934221,75.33414591410846
3917158,Peak_2,2.146409021493008,0.8605527147292483,2.103884657447552,5.290680271935479,11.880911998984908,25.552579066028652
3917158,Peak_5,2.146409021493008,3.072785587759474,6.89017593836762,17.009920922054853,25.27494340353728,49.54086879031026
3917158,Peak_Dur_10,2.146409021493008,1.5,4.4,11,16,19
3917158,Peak_Dur_2,2.146409021493008,1,2.999999999999999,9,35.8125,83
3917158,Peak_Dur_5,2.146409021493008,1,2.2,8,21.749999999999996,39
3917158,Peak_Fre_10,2.146409021493008,1,1,2,2.5,4
3917158,Peak_Fre_2,2.146409021493008,1,1.75,2.75,4.4,5.5
3917158,Peak_Fre_5,2.146409021493008,1,1.6,2.25,3.25,4
3917158,SP_Dur,2.146409021493008,29,70.7125,141,195,250.67500000000004
3917158,SP_Mag,2.146409021493008,0.2406791104710657,1.0632597871941527,3.351610869136406,7.379965691050256,17.32954395790409
3917158,SP_ROC,2.146409021493008,0.09632947355,0.206149219625,0.3958333335000001,0.719480519,1
3917158,SP_Tim,2.146409021493008,175,231,254.4,271,285
3917158,Wet_BFL_Dur,2.146409021493008,32,57.975,127.55,217.1,262.82000000000005
3917158,Wet_BFL_Mag_10,2.146409021493008,0.01334236340687611,0.0331927475681282,0.07376166126250704,0.14996828119804784,0.28586579017051655
3917158,Wet_BFL_Mag_50,2.146409021493008,0.01689559520424195,0.05134805825960439,0.11402128746869468,0.3330235938056742,1.5732402916239043
3917158,Wet_Tim,2.146409021493008,31.723333333333336,77.7875,145.75,187.125,230.7750000000004
3917160,DS_Dur_WS,5.336577556238268,61.650000000000006,103,168,228,278.02500000000003
3917160,DS_Mag_50,5.336577556238268,0.02057142109481904,0.05735676394464035,0.10023259449773766,0.19742335218279208,0.3918510819529265
3917160,DS_Mag_90,5.336577556238268,0.03777525987536377,0.10782433404933656,0.2382986464385708,0.5870356062166378,1.2066453403965698
3917160,DS_Tim,5.336577556238268,177.98000000000002,227.6125,289,329,353.85
3917160,FA_Dur,5.336577556238268,4,7.174999999999999,15,24.75625,28
3917160,FA_Mag,5.336577556238268,0.29958787234494905,0.5861257849927746,1.543760538739951,3.261365469475408,4.725669736591886
3917160,FA_Tim,5.336577556238268,5,13,35,48.6375,61.63666666666667
3917160,Peak_10,5.336577556238268,12.6108131440082,24.546002675070103,69.50830391729114,114.6396135506094,187.3019113682101
3917160,Peak_2,5.336577556238268,2.1395765007498966,5.2308500064162695,13.154121751130289,29.90648788931155,63.53091073616535
3917160,Peak_5,5.336577556238268,7.600927487054267,16.81662622063909,42.29145578361583,62.84063025820119,123.17255744621173
3917160,Peak_Dur_10,5.336577556238268,1.3333333333333333,4.25,10.666666666666666,16,19
3917160,Peak_Dur_2,5.336577556238268,1,2.333333333333333,8.775,35,83
3917160,Peak_Dur_5,5.336577556238268,1,2,7,20,36.07000000000009
3917160,Peak_Fre_10,5.336577556238268,1,1,2,2.4000000000000004,4
3917160,Peak_Fre_2,5.336577556238268,1,1.24375,2,3.9,5.333333333333333
3917160,Peak_Fre_5,5.336577556238268,1,1.3229166666666663,2,3,4
3917160,SP_Dur,5.336577556238268,29,69.075,139.16666666666669,192.875,249
3917160,SP_Mag,5.336577556238268,0.5229150786359211,2.2893002050958495,7.329737426355305,16.581604317276653,40.84031846034592
3917160,SP_ROC,5.336577556238268,0.08472037665999999,0.19041345143125,0.368131868,0.666666667,1
3917160,SP_Tim,5.336577556238268,182.13,231.38333333333335,254.525,271,285
3917160,Wet_BFL_Dur,5.336577556238268,32,57,126,215,259.23833333333334
3917160,Wet_BFL_Mag_10,5.336577556238268,0.03127517353773839,0.08110602177957021,0.1813298513802558,0.3503748619868072,0.6098167683844473
3917160,Wet_BFL_Mag_50,5.336577556238268,0.03939348521845676,0.12146529091244504,0.2765746780289589,0.8059420029418223,3.8132216405065247
3917160,Wet_Tim,5.336577556238268,31,74,141,185.4625,218
3917162,DS_Dur_WS,85.56921200630659,77.77,129.5625,182.36666666666667,223.4125,256.77500000000003
3917162,DS_Mag_50,85.56921200630659,0.24502766023059244,0.8283307743672971,1.911400742075969,3.9729338031446537,8.405907577784895
3917162,DS_Mag_90,85.56921200630659,0.6812124833207892,2.026040598610457,5.379011533263503,13.487488376459426,30.02752321480235
3917162,DS_Tim,85.56921200630659,209.91666666666669,256.5375,296.70000000000005,328,347
3917162,FA_Dur,85.56921200630659,2.5999999999999996,4,8,15,20
3917162,FA_Mag,85.56921200630659,3.265926887003923,6.740128395278442,12.770553022755946,22.019216864805266,38.607889394616464
3917162,FA_Tim,85.56921200630659,2,12,39.65,51.11666666666667,62.81000000000002
3917162,Peak_10,85.56921200630659,712.3609446569012,1316.6941989332272,1937.073096371332,2984.881803370466,4088.1537633630537
3917162,Peak_2,85.56921200630659,83.87392639857654,142.35115757232546,316.67095279614887,819.0071019519817,1857.1538244330031
3917162,Peak_5,85.56921200630659,423.96382728371026,827.6736090176872,1255.4801010956592,2012.7860152121448,3522.300744383483
3917162,Peak_Dur_10,85.56921200630659,1,1,3,8.6,15.25
3917162,Peak_Dur_2,85.56921200630659,1,2,12.525,36.712500000000006,87.80000000000007
3917162,Peak_Dur_5,85.56921200630659,1,1.3333333333333337,4.799999999999999,13,31.59833333333335
3917162,Peak_Fre_10,85.56921200630659,1,1,1.5,2,3
3917162,Peak_Fre_2,85.56921200630659,1,1,2,2,3.505000000000007
3917162,Peak_Fre_5,85.56921200630659,1,1,2,2.4,3.6
3917162,SP_Dur,85.56921200630659,33.980000000000004,61,107.95,157.25,192.6
3917162,SP_Mag,85.56921200630659,6.608347217043272,16.137715729751456,43.296415341314955,102.323295810915,179.61064586660308
3917162,SP_ROC,85.56921200630659,0.043008117435,0.0569753816375,0.090909091,0.1598965597375,0.34308872074666674
3917162,SP_Tim,85.56921200630659,209,233,253,263,278.85
3917162,Wet_BFL_Dur,85.56921200630659,37.6575,71.39583333333334,110,166.46875,215.7475000000001
3917162,Wet_BFL_Mag_10,85.56921200630659,0.5470889494919187,1.753863814625595,3.761288521968903,6.832794964595939,11.742804088639804
3917162,Wet_BFL_Mag_50,85.56921200630659,0.990845811544951,2.88429738809847,6.872281213272718,14.158602376970226,54.03069391277669
3917162,Wet_Tim,85.56921200630659,20.299999999999997,61,128.8,163.83333333333331,189.68750000000003
3917164,DS_Dur_WS,9.26894229780894,63.650000000000006,108.45,169.1125,227.525,276
3917164,DS_Mag_50,9.26894229780894,0.03376819301280891,0.09979031600745848,0.17369104534039614,0.33942586388449314,0.6835425912600128
3917164,DS_Mag_90,9.26894229780894,0.06306157807450907,0.1836912397061295,0.4055791886251561,0.9895709385772422,2.0760990802030386
3917164,DS_Tim,9.26894229780894,181.975,231.91666666666663,285,326.075,351.23
3917164,FA_Dur,9.26894229780894,3.4,6,11,20,24
3917164,FA_Mag,9.26894229780894,0.4490637349650414,0.8810781486136421,2.3288393701299306,5.189831220172879,8.207874737202918
3917164,FA_Tim,9.26894229780894,5,13,35,48.125,62
3917164,Peak_10,9.26894229780894,21.90334500500674,42.63321951933982,120.7268987358409,199.11412358311688,325.31910019968427
3917164,Peak_2,9.26894229780894,3.716166572715937,9.0853072717531,20.898942640419246,51.145003634515504,110.344942903042
3917164,Peak_5,9.26894229780894,13.20182411758999,29.208296223619083,73.45476744555933,109.14601534092412,213.93473918652433
3917164,Peak_Dur_10,9.26894229780894,1,4,10.6,16,19
3917164,Peak_Dur_2,9.26894229780894,1,2,8.266666666666666,35,83
3917164,Peak_Dur_5,9.26894229780894,1,2,6.666666666666666,17.90625,33
3917164,Peak_Fre_10,9.26894229780894,1,1,2,2.341666666666667,4
3917164,Peak_Fre_2,9.26894229780894,1,1,2,3.05,5
3917164,Peak_Fre_5,9.26894229780894,1,1,2,3,4
3917164,SP_Dur,9.26894229780894,28.6125,66.21875,133.875,188.29375,245.9350000000001
3917164,SP_Mag,9.26894229780894,0.77582435537351635,2.6555784644854135,9.484658514880248,22.054732190755796,53.51269774009431
3917164,SP_ROC,9.26894229780894,0.07591847486,0.15928867816874998,0.32786076340000003,0.6195515368125,1
3917164,SP_Tim,9.26894229780894,185.795,232,254.775,271,285
3917164,Wet_BFL_Dur,9.26894229780894,32,58.3,122.91666666666669,206.16666666666669,256
3917164,Wet_BFL_Mag_10,9.26894229780894,0.05318145263380293,0.1433378535190435,0.3147385278668101,0.602701080495563,1.0625199826517366
3917164,Wet_BFL_Mag_50,9.26894229780894,0.0690059202062892,0.21449719847493265,0.4847777355673296,1.3535286403206834,6.587503028476725
3917164,Wet_Tim,9.26894229780894,27.786666666666672,69.5625,136.2,182.9,210
3917172,DS_Dur_WS,8.120926889242988,63.98,110.4125,171,225.23333333333332,270.35
3917172,DS_Mag_50,8.120926889242988,0.0267008053320437,0.08767181684797301,0.15210756995424018,0.298053866994776,0.598819619192226
3917172,DS_Mag_90,8.120926889242988,0.05743561296636653,0.16287727646061106,0.35524210672898776,0.9013502736912452,1.782914713496667
3917172,DS_Tim,8.120926889242988,182.95,238,291.05,329.5,353.53000000000003
3917172,FA_Dur,8.120926889242988,3.333333333333333,6,10.85,20,24
3917172,FA_Mag,8.120926889242988,0.3520118393082376,0.7238993220307661,1.7970977258906204,3.591960495309221,7.19127906024897
3917172,FA_Tim,8.120926889242988,5,13,35,48.925,62
3917172,Peak_10,8.120926889242988,19.190481254541073,37.35283354298667,105.59266648066776,174.45261695246734,285.02633240261514
3917172,Peak_2,8.120926889242988,3.255896527957529,7.960036188557946,17.482270086989075,43.19655129634917,96.49576612459774
3917172,Peak_5,8.120926889242988,11.994869457623947,25.590669417311354,64.3569435352665,95.6276112588773,187.43760832492376
3917172,Peak_Dur_10,8.120926889242988,1,4,10.391666666666667,16,19
3917172,Peak_Dur_2,8.120926889242988,1,2,8,35,83
3917172,Peak_Dur_5,8.120926889242988,1,2,6.5,17.34166666666667,32.4
3917172,Peak_Fre_10,8.120926889242988,1,1,2,2.333333333333333,4
3917172,Peak_Fre_2,8.120926889242988,1,1,2,3,5
3917172,Peak_Fre_5,8.120926889242988,1,1,2,3,4
3917172,SP_Dur,8.120926889242988,29.089999999999996,68.53333333333333,138,190,247.28500000000005
3917172,SP_Mag,8.120926889242988,0.6797337459282419,2.1671317810559594,7.800098031659987,19.323118207921063,47.11920878942544
3917172,SP_ROC,8.120926889242988,0.07277421625,0.1464946123125,0.30515873046666664,0.6,1
3917172,SP_Tim,8.120926889242988,185.98,232,254.9,271,285
3917172,Wet_BFL_Dur,8.120926889242988,31.47,57.675,120,201.075,255
3917172,Wet_BFL_Mag_10,8.120926889242988,0.050478724031408,0.12764882032238847,0.27824770578738756,0.5339107301288257,0.9496044152520348
3917172,Wet_BFL_Mag_50,8.120926889242988,0.06095608322391929,0.1857991998346453,0.4268545038230227,1.1900182844399383,5.718630810058151
3917172,Wet_Tim,8.120926889242988,27,71.3125,144.625,183.2125,207.6200000000001
3917176,DS_Dur_WS,122.43247241828853,81.65333333333334,129.60208333333333,183.1,222.59583333333333,250.205
3917176,DS_Mag_50,122.43247241828853,0.6979083990336739,2.189944348459953,6.344287276081305,13.273378180999336,27.674286633817953
3917176,DS_Mag_90,122.43247241828853,0.935566572265374,3.0351419960929427,8.081715477493612,18.005898441402216,40.287301111965306
3917176,DS_Tim,122.43247241828853,229.9875,271,301.625,326,345
3917176,FA_Dur,122.43247241828853,2.3333333333333335,3.8,7,13,20
3917176,FA_Mag,122.43247241828853,5.263915286449603,10.667921558738778,20.055855628937273,33.61110182774287,61.67681132189158
3917176,FA_Tim,122.43247241828853,2.545000000000001,13.7875,40,51,62.5
3917176,Peak_10,122.43247241828853,762.6809055289749,1484.4781206970663,2246.733432170453,3933.999021939027,4591.892434979865
3917176,Peak_2,122.43247241828853,104.93450068343417,199.1922048402314,296.21604737562325,784.5014683706402,1996.9225633367068
3917176,Peak_5,122.43247241828853,591.006870574986,996.9884939563836,1592.8228238585957,2373.59871961931,4444.582485293599
3917176,Peak_Dur_10,122.43247241828853,1,1,2,5,15
3917176,Peak_Dur_2,122.43247241828853,1,2,11.133333333333333,34.78125,73.05000000000007
3917176,Peak_Dur_5,122.43247241828853,1,1.25,3.5749999999999997,13,39
3917176,Peak_Fre_10,122.43247241828853,1,1,1.25,2,2.6275000000000035
3917176,Peak_Fre_2,122.43247241828853,1,1,1.75,2,3.5
3917176,Peak_Fre_5,122.43247241828853,1,1,1.5,2,3.1
3917176,SP_Dur,122.43247241828853,42,64.29166666666666,99.08333333333331,143.67708333333334,180.33500000000004
3917176,SP_Mag,122.43247241828853,10.808865278699855,25.251221585269285,53.92443786794625,121.10105904108312,243.3893244071282
3917176,SP_ROC,122.43247241828853,0.03819474859583334,0.05070800969166667,0.07448169165,0.117647059,0.182795699
3917176,SP_Tim,122.43247241828853,208.545,230,246,257,268.89750000000004
3917176,Wet_BFL_Dur,122.43247241828853,51.295,77,112.1625,170.53125,214.6125
3917176,Wet_BFL_Mag_10,122.43247241828853,0.9187954643892924,3.214215335415607,6.8516583463095895,11.325037411057345,19.526994241259096
3917176,Wet_BFL_Mag_50,122.43247241828853,1.932975951105978,6.40913802197851,14.578097122401813,31.240638831203192,58.3228989886408
3917176,Wet_Tim,122.43247241828853,18.291666666666664,52.12500000000001,122.0625,155.925,178.68
3917178,DS_Dur_WS,109.56366105004874,80.15,131.09375,182.275,222.59375,253
3917178,DS_Mag_50,109.56366105004874,0.5329738783941016,1.5701972290423112,4.535886703994244,10.03418333560908,22.575476792624556
3917178,DS_Mag_90,109.56366105004874,0.8775289443094733,2.6056739164337777,7.091409370050268,16.387649230531373,37.10527843558007
3917178,DS_Tim,109.56366105004874,219.1375,261.3041666666667,297.625,325.4375,345
3917178,FA_Dur,109.56366105004874,2.5,4,7,13.412499999999998,20
3917178,FA_Mag,109.56366105004874,4.295451357871661,9.02203874592437,16.952684333447408,28.596916604369483,49.764939918753015
3917178,FA_Tim,109.56366105004874,2.25,13,40,51,62.63750000000001
3917178,Peak_10,109.56366105004874,808.5712359496479,1435.3543993828769,2517.9051037477457,3845.438938141912,5234.512305858079
3917178,Peak_2,109.56366105004874,107.39300067637753,182.2057286358421,405.46860398803375,862.062708899618,1895.107824536373
3917178,Peak_5,109.56366105004874,622.3009914064082,1046.511106636741,1552.044570598095,2530.4673153993294,4098.998628670611
3917178,Peak_Dur_10,109.56366105004874,1,1,2,6,15.000000000000002
3917178,Peak_Dur_2,109.56366105004874,1,2,11.8875,35.6875,83
3917178,Peak_Dur_5,109.56366105004874,1,1.3916666666666666,4,13,38.100000000000136
3917178,Peak_Fre_10,109.56366105004874,1,1,1.4,2,3
3917178,Peak_Fre_2,109.56366105004874,1,1,1.9,2,3.336666666666671
3917178,Peak_Fre_5,109.56366105004874,1,1,1.75,2.25,3.3999999999999995
3917178,SP_Dur,109.56366105004874,36,60.975,101.275,148,180
3917178,SP_Mag,109.56366105004874,9.097153435429991,21.134677423450455,49.472360121928006,114.0305713940316,222.7822135615216
3917178,SP_ROC,109.56366105004874,0.03939488036,0.05251516027083333,0.077588165625,0.119883755525,0.22017219382500008
3917178,SP_Tim,109.56366105004874,209.85,231.55,249,259.03125,272
3917178,Wet_BFL_Dur,109.56366105004874,47.83,76.31666666666666,112.70833333333331,172.03125,215.01
3917178,Wet_BFL_Mag_10,109.56366105004874,0.8051599526854305,2.815346634432453,5.654671627648575,9.64468541620964,16.531576631874046
3917178,Wet_BFL_Mag_50,109.56366105004874,1.4388312315187948,4.251376641359915,10.141034538352772,20.022175544797992,58.4026687563864
3917178,Wet_Tim,109.56366105004874,18.99,56.5,126.67083333333336,159.30833333333334,183.765
3917194,DS_Dur_WS,19.21323527375145,70.295,122.28125,181,228,266.01250000000005
3917194,DS_Mag_50,19.21323527375145,0.06008919686453963,0.2063330162477497,0.349823684927107,0.6625717909496728,1.3923416222910487
3917194,DS_Mag_90,19.21323527375145,0.13104934200960822,0.37880621020532573,0.838134167762256,2.092703996626954,4.219829686809922
3917194,DS_Tim,19.21323527375145,191.93,250.24375,299,331.75,356
3917194,FA_Dur,19.21323527375145,3,5.5,10,19,22
3917194,FA_Mag,19.21323527375145,0.7682878058171156,1.4820578383851848,3.5488312763925136,6.43322304845821,12.124601354540808
3917194,FA_Tim,19.21323527375145,3.75,12.625,36.64583333333333,53.65625,63
3917194,Peak_10,19.21323527375145,32.6883885715819,84.60958166255682,232.95802844073484,412.73603608834384,602.6863528239459
3917194,Peak_2,19.21323527375145,7.7030992732493155,18.832585265719107,41.30624473958245,86.93744020540898,159.7950801977353
3917194,Peak_5,19.21323527375145,27.365555277423752,60.544757887043566,141.04851240471024,226.24459237742536,401.9704409206471
3917194,Peak_Dur_10,19.21323527375145,1,2,9,15.5,18.700000000000045
3917194,Peak_Dur_2,19.21323527375145,1,2,8.425,35.8125,83
3917194,Peak_Dur_5,19.21323527375145,1,1.7999999999999998,6,16,30.749999999999996
3917194,Peak_Fre_10,19.21323527375145,1,1,2,2,3.6033333333333384
3917194,Peak_Fre_2,19.21323527375145,1,1,2,3,4
3917194,Peak_Fre_5,19.21323527375145,1,1,2,3,4
3917194,SP_Dur,19.21323527375145,27.2475,64.65625,128.6375,180.68333333333337,230.4125000000001
3917194,SP_Mag,19.21323527375145,1.3347291829040406,3.784373423062292,12.449558546761317,32.50509526395035,57.24829226872322
3917194,SP_ROC,19.21323527375145,0.0625,0.11398237583333332,0.23281000560416668,0.5,0.7826704545
3917194,SP_Tim,19.21323527375145,201.36,233,254.5,268.7,284.505
3917194,Wet_BFL_Dur,19.21323527375145,31,63.25,123.84166666666668,201.74375,255
3917194,Wet_BFL_Mag_10,19.21323527375145,0.10623557697465644,0.29857412736882855,0.6423628210988989,1.232884943764641,2.157457220116945
3917194,Wet_BFL_Mag_50,19.21323527375145,0.13601465796407958,0.38901421539572534,0.990735514514048,2.7225588502107216,13.0427153825823
3917194,Wet_Tim,19.21323527375145,25,66.93333333333334,136.81666666666666,178,205
3917198,DS_Dur_WS,155.1020397098682,83.64500000000001,128.45833333333331,181,219.5375,245
3917198,DS_Mag_50,155.1020397098682,1.0099350993905225,3.5377832741294624,8.648963984646103,16.580460695787615,34.56121329108314
3917198,DS_Mag_90,155.1020397098682,1.7063385551620938,4.961526166635431,12.217467881548842,26.461424485416327,53.91948414014926
3917198,DS_Tim,155.1020397098682,260.875,284,302.7875,323.54375,339
3917198,FA_Dur,155.1020397098682,2,3,5.266666666666667,8.570833333333333,15.627500000000005
3917198,FA_Mag,155.1020397098682,7.288890284859622,14.3049601011043,25.23090692508842,43.66464194955846,76.20950580154641
3917198,FA_Tim,155.1020397098682,3.9900000000000007,15.358333333333333,37.75,49.5,62
3917198,Peak_10,155.1020397098682,709.5813642809754,1271.892110741015,2131.504321568907,3799.2016271444454,5464.699581916848
3917198,Peak_2,155.1020397098682,111.27573512806455,252.34414248756676,573.9951267978267,1042.4170834772042,1728.1608505509598
3917198,Peak_5,155.1020397098682,515.7569819899043,1070.4599990371903,1535.7981153627322,2312.55550368458,3589.217605709208
3917198,Peak_Dur_10,155.1020397098682,1,1,1.5833333333333337,2.8249999999999997,4
3917198,Peak_Dur_2,155.1020397098682,1,2,6,23.40625,41.73000000000004
3917198,Peak_Dur_5,155.1020397098682,1,1,2,4.335416666666667,8
3917198,Peak_Fre_10,155.1020397098682,1,1,1,1.75,2
3917198,Peak_Fre_2,155.1020397098682,1,1,1.3333333333333337,2,3.225
3917198,Peak_Fre_5,155.1020397098682,1,1,1,2,3
3917198,SP_Dur,155.1020397098682,41.704166666666666,58.6875,86.75,121.80416666666666,155.02000000000004
3917198,SP_Mag,155.1020397098682,16.449499500902,37.39834805212871,65.58002237983237,140.72441490984568,297.22998095648126
3917198,SP_ROC,155.1020397098682,0.03129750789999999,0.04572343058958333,0.06338003301666667,0.1005047759375,0.16001873994000015
3917198,SP_Tim,155.1020397098682,191.16666666666669,213.4,231,247.275,256.6
3917198,Wet_BFL_Dur,155.1020397098682,58.790833333333325,81.07499999999999,115.79166666666669,174.9625,216
3917198,Wet_BFL_Mag_10,155.1020397098682,1.3423727155607323,4.62051701840025,10.32739798264165,18.736327410977605,33.819174620719004
3917198,Wet_BFL_Mag_50,155.1020397098682,4.86389330698296,11.735066144952178,25.432233845477203,46.73643735103855,75.74412712294256
3917198,Wet_Tim,155.1020397098682,18.15,46.5125,111.43333333333334,147.51041666666666,170.675
3917200,DS_Dur_WS,155.17664932722963,83.7,128.5,181.05,219.575,245
3917200,DS_Mag_50,155.17664932722963,1.02914010040017,3.5473875674661928,8.662784760388313,16.60231409381548,34.57783846831497
3917200,DS_Mag_90,155.17664932722963,1.70868177606142,4.982159509261796,12.211650212424688,26.42682380968695,54.12756679343062
3917200,DS_Tim,155.17664932722963,260.8675,284,302.7875,323.3,339
3917200,FA_Dur,155.17664932722963,2,3,5.266666666666667,8.55,15.627500000000005
3917200,FA_Mag,155.17664932722963,7.332996673696682,14.31184129751868,25.24304389191932,43.68564620091567,76.15186996789268
3917200,FA_Tim,155.17664932722963,3.9900000000000007,15.404166666666663,37.8375,49.5125,62
3917200,Peak_10,155.17664932722963,709.9226982452151,1272.5039362455984,2132.5296512301675,3801.029178737,5467.328297474457
3917200,Peak_2,155.17664932722963,111.32926272857227,252.4655290273545,574.2712389421791,1042.91852330272,1728.9921576055922
3917200,Peak_5,155.17664932722963,516.0050795078334,1070.9749285060632,1536.536889075483,2398.9945449622874,3590.944147492217
3917200,Peak_Dur_10,155.17664932722963,1,1,1.5833333333333337,2.80625,4
3917200,Peak_Dur_2,155.17664932722963,1,2,6,23,41.775000000000034
3917200,Peak_Dur_5,155.17664932722963,1,1,2,4.25,8
3917200,Peak_Fre_10,155.17664932722963,1,1,1,1.75,2
3917200,Peak_Fre_2,155.17664932722963,1,1,1.3333333333333337,2,3.225
3917200,Peak_Fre_5,155.17664932722963,1,1,1,2,3
3917200,SP_Dur,155.17664932722963,41.704166666666666,58.55625,86.38333333333333,121.54791666666668,155.02000000000004
3917200,SP_Mag,155.17664932722963,16.45741229731555,37.416337992450195,65.62207737643934,141.13522095283878,297.57593487880297
3917200,SP_ROC,155.17664932722963,0.031270120725,0.0456631531,0.06320855249999999,0.10008139660625,0.16043805597000008
3917200,SP_Tim,155.17664932722963,191.15250000000003,213.44791666666669,231,247.25,256.6
3917200,Wet_BFL_Dur,155.17664932722963,58.7275,81,116.1125,174.96666666666667,216
3917200,Wet_BFL_Mag_10,155.17664932722963,1.371559918530437,4.705431938509324,10.35287888002856,18.697352716182145,33.906544182529686
3917200,Wet_BFL_Mag_50,155.17664932722963,4.866233013276958,11.72814355654867,25.402800173933407,46.7589192456295,75.78056275172341
3917200,Wet_Tim,155.17664932722963,18.159999999999997,46.5,111.43333333333334,147.51041666666666,170.38166666666672
3917230,DS_Dur_WS,2.810803235825539,61,101,168.425,228,277
3917230,DS_Mag_50,2.810803235825539,0.01188479748953652,0.03045326031072568,0.05262588858477807,0.10293949831321046,0.20756643227415952
3917230,DS_Mag_90,2.810803235825539,0.02220129255187834,0.05915989307351137,0.13395869142575453,0.31818845939058676,0.6540657787643056
3917230,DS_Tim,2.810803235825539,176.95,227.5,288.875,329.1,354.0666666666668
3917230,FA_Dur,2.810803235825539,4.2,7.4375,16.1,26,28
3917230,FA_Mag,2.810803235825539,0.1634935910835061,0.3664058002830585,0.9198471626194912,1.717778204889985,4.936531108252249
3917230,FA_Tim,2.810803235825539,5,13,35,49,61.35000000000002
3917230,Peak_10,2.810803235825539,6.642181064179192,13.827247014550757,30.533804717821855,57.12862878568126,86.36170700859263
3917230,Peak_2,2.810803235825539,0.8455027769518143,2.0835647315043793,5.989898795421977,15.833154889805934,30.51584066893695
3917230,Peak_5,2.810803235825539,4.0034481558153,8.857404750238492,20.634714009731077,34.129535708488355,64.8756285065149
3917230,Peak_Dur_10,2.810803235825539,1.3333333333333333,4,11,16,19
3917230,Peak_Dur_2,2.810803235825539,1,3,9,36,83
3917230,Peak_Dur_5,2.810803235825539,1,2.24375,7.6,20,39
3917230,Peak_Fre_10,2.810803235825539,1,1,2,2.4000000000000004,4
3917230,Peak_Fre_2,2.810803235825539,1,1.7875,3,4.6,5.666666666666666
3917230,Peak_Fre_5,2.810803235825539,1,1.6666666666666667,2.333333333333333,3.25,4
3917230,SP_Dur,2.810803235825539,29,69.9375,139.8,195,250.755
3917230,SP_Mag,2.810803235825539,0.3292876596821226,1.4590235995267793,4.5481090996385065,9.791442968221826,23.154773750125713
3917230,SP_ROC,2.810803235825539,0.10100500766666667,0.215756998625,0.416666667,0.75,1
3917230,SP_Tim,2.810803235825539,175,231,254.5,271,285
3917230,Wet_BFL_Dur,2.810803235825539,32,58.00000000000001,128.35,217.05,262.05250000000007
3917230,Wet_BFL_Mag_10,2.810803235825539,0.01647769242610672,0.04265839179003082,0.095974288708084,0.19350017526085933,0.367552838663458
3917230,Wet_BFL_Mag_50,2.810803235825539,0.02069474746425275,0.06084795036241883,0.1456733256021839,0.4374927537240808,2.0342461014901905
3917230,Wet_Tim,2.810803235825539,31.786666666666672,78,147,188,257.00000000000034
3917244,DS_Dur_WS,187.26687697803396,80,110,151.3875,201.10625,233.03666666666672
3917244,DS_Mag_50,187.26687697803396,1.363819417867862,4.832839174927079,10.633092589088063,21.715470644746297,44.55601248489896
3917244,DS_Mag_90,187.26687697803396,2.5274230623348135,7.855676759152528,16.45153656148936,34.01411488422511,66.07789373016718
3917244,DS_Tim,187.26687697803396,265,285.425,302.60833333333335,320.42499999999995,337.35
3917244,FA_Dur,187.26687697803396,2,3,5,8,11.455000000000004
3917244,FA_Mag,187.26687697803396,8.18747761735915,17.077073867508737,29.88701876855309,56.03579873938236,104.12463474378482
3917244,FA_Tim,187.26687697803396,3.6000000000000014,13,33.733333333333334,46.875,60
3917244,Peak_10,187.26687697803396,637.3345808079599,1269.686040020272,2624.691861742029,4384.370897846853,6597.961098661335
3917244,Peak_2,187.26687697803396,134.35193656928885,311.42714146394525,753.7195500830161,1337.0386481503303,1952.697222928116
3917244,Peak_5,187.26687697803396,555.6861777688914,1148.9388135840288,1811.350698268171,2757.8059290910915,4406.898234062902
3917244,Peak_Dur_10,187.26687697803396,1,1,1,2.2666666666666666,3.75
3917244,Peak_Dur_2,187.26687697803396,0.9999999999999992,1,2.7291666666666665,6.025,16.575000000000035
3917244,Peak_Dur_5,187.26687697803396,1,1,2,3.291666666666667,6
3917244,Peak_Fre_10,187.26687697803396,1,1,1,1.5625,2
3917244,Peak_Fre_2,187.26687697803396,1,1,1,2,3.0100000000000136
3917244,Peak_Fre_5,187.26687697803396,1,1,1,2,2.5
3917244,SP_Dur,187.26687697803396,42,60,82,108.5,145.63750000000002
3917244,SP_Mag,187.26687697803396,23.363432671455456,51.58769179770231,85.08764001646816,183.56338932090995,401.7324500680123
3917244,SP_ROC,187.26687697803396,0.0255801279925,0.0419957456625,0.061851597125,0.09368945604166666,0.15896777313750007
3917244,SP_Tim,187.26687697803396,158.9,199,220.33333333333331,237,250.1025
3917244,Wet_BFL_Dur,187.26687697803396,59.97333333333334,84,124.66666666666666,179.29375,215.7
3917244,Wet_BFL_Mag_10,187.26687697803396,1.5782523617599011,5.6279528948957935,13.316299911333951,23.484829623629224,35.367575596609456
3917244,Wet_BFL_Mag_50,187.26687697803396,7.083264453118546,14.90977562893871,32.13366409615147,53.97762922829334,81.05533582759321
3917244,Wet_Tim,187.26687697803396,18,34.2375,74.18333333333334,125.27291666666667,156
3917912,DS_Dur_WS,100.18825971050258,80,131.4875,183,223.31041666666667,253.67500000000004
3917912,DS_Mag_50,100.18825971050258,0.5080058528515561,1.4894347834475663,3.8885513088598778,8.35678607587661,19.04512097649353
3917912,DS_Mag_90,100.18825971050258,0.8526424863754245,2.433013760481666,6.540718268637278,15.511924165634367,33.93016659817752
3917912,DS_Tim,100.18825971050258,215.225,260.32291666666663,297.95,328,346.345
3917912,FA_Dur,100.18825971050258,2.5,4,7.3125,14,20
3917912,FA_Mag,100.18825971050258,3.863655237709743,8.161287839865096,14.896947170060304,26.354991110591392,45.794460883551096
3917912,FA_Tim,100.18825971050258,2.1800000000000006,12.5,40,51,62.775
3917912,Peak_10,100.18825971050258,739.3815084798996,1361.5822168237746,2345.6496806542805,3494.8330866853503,4583.496185942599
3917912,Peak_2,100.18825971050258,98.20334351496469,166.61431980600085,384.6190910857495,860.9372374442077,2049.801264261992
3917912,Peak_5,100.18825971050258,569.0504748344273,969.0772715036974,1464.511235653392,2318.4573607862326,4124.067213927133
3917912,Peak_Dur_10,100.18825971050258,1,1,2.35,7,15.25
3917912,Peak_Dur_2,100.18825971050258,1,2,12,36,89.0750000000001
3917912,Peak_Dur_5,100.18825971050258,1,1.3333333333333337,4.4,13,34.01000000000001
3917912,Peak_Fre_10,100.18825971050258,1,1,1.5,2,3
3917912,Peak_Fre_2,100.18825971050258,1,1,2,2,3.4000000000000004
3917912,Peak_Fre_5,100.18825971050258,1,1,1.8,2.333333333333333,3.4000000000000004
3917912,SP_Dur,100.18825971050258,35.329166666666666,61.175,104.25,151,183.9
3917912,SP_Mag,100.18825971050258,8.10363998808165,18.81237933675973,46.78460242339178,107.15293034858338,197.43634227735961
3917912,SP_ROC,100.18825971050258,0.04159694170416667,0.05511065061666666,0.083333333,0.1373781012375,0.291666667
3917912,SP_Tim,100.18825971050258,209,232.15625,251.05,261,274
3917912,Wet_BFL_Dur,100.18825971050258,46.12500000000001,74.875,112.08333333333331,170.64583333333334,215.56750000000005
3917912,Wet_BFL_Mag_10,100.18825971050258,0.6920267536227804,2.399435624353999,4.8018489664316775,8.473140927747277,14.28478094954504
3917912,Wet_BFL_Mag_50,100.18825971050258,1.2539564769286669,3.694239831965553,8.544232305798001,17.214335895904846,58.0406848574932
3917912,Wet_Tim,100.18825971050258,19.77,60.1,127.48333333333332,162,186.27666666666664
3917914,DS_Dur_WS,12.3529607374518,65,111.39583333333331,175.5,224.6875,265
3917914,DS_Mag_50,12.3529607374518,0.03860192557208393,0.13006554859097483,0.225271579361328,0.4310285775907717,0.8780515503701092
3917914,DS_Mag_90,12.3529607374518,0.07830210295515735,0.2243902089206961,0.5339494160430287,1.3215197770441989,2.712039617450922
3917914,DS_Tim,12.3529607374518,185.1525,232.5625,286,326.75,350.0833333333335
3917914,FA_Dur,12.3529607374518,3,5.666666666666667,10.225,19.75,23
3917914,FA_Mag,12.3529607374518,0.5118108307691003,1.0161460926270574,2.4717484587339245,4.742327152995029,10.53065229785956
3917914,FA_Tim,12.3529607374518,4.495000000000001,12.666666666666664,35,49.525,62
3917914,Peak_10,12.3529607374518,17.05439953132874,45.61449210914978,119.43190271668644,225.25025143675552,351.05697955956055
3917914,Peak_2,12.3529607374518,3.71582844148272,10.136616266161518,25.472711217043507,65.70743825608622,102.73867589688692
3917914,Peak_5,12.3529607374518,17.149622209210474,38.865030675113125,75.78914265549881,145.46173649980136,255.58747928833805
3917914,Peak_Dur_10,12.3529607374518,1,4,10,15.5,19
3917914,Peak_Dur_2,12.3529607374518,1,2,9.05,38,87.02500000000003
3917914,Peak_Dur_5,12.3529607374518,1,2,6.270833333333334,18,33
3917914,Peak_Fre_10,12.3529607374518,1,1,2,2.333333333333333,4
3917914,Peak_Fre_2,12.3529607374518,1,1,2,3,5
3917914,Peak_Fre_5,12.3529607374518,1,1,2,3,4
3917914,SP_Dur,12.3529607374518,29,67,137,189.3625,243.01
3917914,SP_Mag,12.3529607374518,0.932162103194857,2.689930166214831,9.298116650840344,23.361674913127537,38.10230665471465
3917914,SP_ROC,12.3529607374518,0.0720770994,0.138260686575,0.287053571725,0.5589339546750001,0.875
3917914,SP_Tim,12.3529607374518,191.27916666666667,232,254.75,270.67708333333337,285
3917914,Wet_BFL_Dur,12.3529607374518,31.98,58.53333333333333,122.5,201.125,253.43000000000004
3917914,Wet_BFL_Mag_10,12.3529607374518,0.07146208422659661,0.19103008949898417,0.4225058537143526,0.8103010346691996,1.4160480459089186
3917914,Wet_BFL_Mag_50,12.3529607374518,0.09073838799219966,0.2728503986847079,0.6402073431259923,1.7951056000442809,8.77933680608346
3917914,Wet_Tim,12.3529607374518,27,74,146.525,184.025,207
3917916,DS_Dur_WS,40.57037491372669,72.39666666666666,128,182.25,228,266
3917916,DS_Mag_50,40.57037491372669,0.11959154937589028,0.4092571371955553,0.7640824080799445,1.6363728740065726,3.8157018633872903
3917916,DS_Mag_90,40.57037491372669,0.34341859752947723,0.9271158257514782,2.4416780016733,6.463812536484706,14.832138727642349
3917916,DS_Tim,40.57037491372669,196.55833333333337,252.975,298.2,330.5,350
3917916,FA_Dur,40.57037491372669,3,5,9,18,21
3917916,FA_Mag,40.57037491372669,1.6344227159118745,3.1067134655556825,6.66121840383593,13.212874276606458,24.79394676324497
3917916,FA_Tim,40.57037491372669,2,11,36,51,62.63750000000002
3917916,Peak_10,40.57037491372669,252.33002208309503,542.8298325590131,907.818981171238,1152.9635347768326,1699.1777286116858
3917916,Peak_2,40.57037491372669,29.106633938476232,66.00620138299908,113.89012701862924,257.43888798008203,537.6730629369648
3917916,Peak_5,40.57037491372669,127.8453884283572,280.00252976894416,462.6925577612816,786.5379833276357,1418.9939770800906
3917916,Peak_Dur_10,40.57037491372669,1,1.95,4.75,14.2,17.5
3917916,Peak_Dur_2,40.57037491372669,1,2,11,38,83
3917916,Peak_Dur_5,40.57037491372669,1,1.6666666666666667,5.591666666666667,15,31.499999999999996
3917916,Peak_Fre_10,40.57037491372669,1,1,2,2,3.5999999999999996
3917916,Peak_Fre_2,40.57037491372669,1,1,2,2,3.775
3917916,Peak_Fre_5,40.57037491372669,1,1,2,3,4
3917916,SP_Dur,40.57037491372669,28.483333333333334,64,125.70833333333334,178,222.02500000000003
3917916,SP_Mag,40.57037491372669,2.994503235361379,8.22531730579571,26.719537121681377,65.67228286653074,124.3212853115658
3917916,SP_ROC,40.57037491372669,0.05554694446666666,0.09257067941666666,0.2,0.428571429,0.75
3917916,SP_Tim,40.57037491372669,204.27,233,254,266,284
3917916,Wet_BFL_Dur,40.57037491372669,30.692500000000003,64,112.49166666666667,178.85,240
3917916,Wet_BFL_Mag_10,40.57037491372669,0.22415523246807825,0.6676918568664245,1.4020523769590858,2.654169561064056,4.634430155604414
3917916,Wet_BFL_Mag_50,40.57037491372669,0.28718201001946947,0.8031758173308823,2.1536954257621774,5.5417057879179445,24.31881854209005
3917916,Wet_Tim,40.57037491372669,22.89,64,132.45,171.3125,198.66666666666663
3917918,DS_Dur_WS,144.80359813867446,85.745,132.14999999999998,184,222,247.8875
3917918,DS_Mag_50,144.80359813867446,0.9288184757649928,3.1681017735957178,8.038065955713282,15.899003945660574,32.32132672299443
3917918,DS_Mag_90,144.80359813867446,1.4902258191678563,4.572758964441247,11.602094404269875,24.683245075451644,51.70461526611513
3917918,DS_Tim,144.80359813867446,260.28249999999997,284.3958333333333,304,325.67708333333337,341
3917918,FA_Dur,144.80359813867446,2,3.24375,6,10,17.75
3917918,FA_Mag,144.80359813867446,6.569712191113508,13.246083335114816,24.090209821699837,41.5454911885373,78.05693361215874
3917918,FA_Tim,144.80359813867446,3.0999999999999996,15.73125,39,50.40625,62
3917918,Peak_10,144.80359813867446,875.8209592220865,1598.117082448854,2100.237546213913,4051.551218595748,5202.937322311099
3917918,Peak_2,144.80359813867446,103.8872658426084,235.58903461082775,401.8160504282157,836.4557264743436,1711.1713567747877
3917918,Peak_5,144.80359813867446,682.1279462216899,1179.1603843015862,1654.24565544166,2427.336150514393,3350.9012826754215
3917918,Peak_Dur_10,144.80359813867446,1,1,1.75,3,4
3917918,Peak_Dur_2,144.80359813867446,1,2,8,25.44375,48.55000000000007
3917918,Peak_Dur_5,144.80359813867446,1,1.0000000000000002,2.3333333333333335,5.633333333333333,13
3917918,Peak_Fre_10,144.80359813867446,1,1,1,2,2
3917918,Peak_Fre_2,144.80359813867446,1,1,1.5,2,3.2958333333333387
3917918,Peak_Fre_5,144.80359813867446,1,1,1,2,3
3917918,SP_Dur,144.80359813867446,42,62,94,135.37916666666666,171.51250000000002
3917918,SP_Mag,144.80359813867446,15.927610965373988,34.998352419408334,62.116660123492736,136.8938849630356,274.072603536992
3917918,SP_ROC,144.80359813867446,0.0325261932,0.04714404371875,0.06463973195,0.1026850085625,0.15886256330416668
3917918,SP_Tim,144.80359813867446,198.745,220.825,237.32083333333333,252.5,260.25
3917918,Wet_BFL_Dur,144.80359813867446,55.55416666666667,80,113.88333333333333,174.35,216
3917918,Wet_BFL_Mag_10,144.80359813867446,1.1505581311839164,4.081672320719882,9.047407159809003,15.899885835182062,28.892802779642487
3917918,Wet_BFL_Mag_50,144.80359813867446,3.334327339967775,9.394756508071415,21.67066485974664,42.14971601475909,70.4771354395951
3917918,Wet_Tim,144.80359813867446,18.393333333333334,48.18333333333334,113.25,149.175,173
3917920,DS_Dur_WS,9.985046775392462,63,108.6,168.83333333333331,228,277.38000000000005
3917920,DS_Mag_50,9.985046775392462,0.03705595150616676,0.1073819627354489,0.18561085523311,0.36012187062131135,0.7213516403531772
3917920,DS_Mag_90,9.985046775392462,0.06799998871241592,0.1860667706353127,0.4355752037551935,1.0760097393548358,2.2491455058050382
3917920,DS_Tim,9.985046775392462,182,230.55,289,329,354
3917920,FA_Dur,9.985046775392462,3.5,6.1499999999999995,11.5,20,24.330000000000005
3917920,FA_Mag,9.985046775392462,0.5299452561783783,1.032107501875726,2.7422937522677215,6.102204347483821,8.842002738209581
3917920,FA_Tim,9.985046775392462,5,13,35,48,61.712500000000006
3917920,Peak_10,9.985046775392462,16.98803373034009,38.295644971168215,100.04696553780327,183.9375833306768,306.7897720810292
3917920,Peak_2,9.985046775392462,3.0035488322285873,8.193548875692912,21.278408566578033,57.328156560953595,104.83124625836288
3917920,Peak_5,9.985046775392462,14.22177710242095,31.46488505935537,70.59713554485974,117.5784715786236,208.902540240122
3917920,Peak_Dur_10,9.985046775392462,1,4,10,16,19
3917920,Peak_Dur_2,9.985046775392462,1,2,8.6,35.75,83
3917920,Peak_Dur_5,9.985046775392462,1,2,6.800000000000001,17.71875,32.05500000000004
3917920,Peak_Fre_10,9.985046775392462,1,1,2,2.333333333333333,4
3917920,Peak_Fre_2,9.985046775392462,1,1,2,3.25,5
3917920,Peak_Fre_5,9.985046775392462,1,1,2,3,4
3917920,SP_Dur,9.985046775392462,28.725,66.34375,134.775,189,247
3917920,SP_Mag,9.985046775392462,0.8949349581742153,3.919624242043011,13.031395800596783,30.67634929186611,71.51356998504052
3917920,SP_ROC,9.985046775392462,0.08184466035833332,0.173945259825,0.351769373325,0.6558523364375,1
3917920,SP_Tim,9.985046775392462,183.32,232,254.9,271,285
3917920,Wet_BFL_Dur,9.985046775392462,32,58.05,124.375,211,256.565
3917920,Wet_BFL_Mag_10,9.985046775392462,0.05521023347650042,0.15153890245945098,0.32798919288968786,0.646843819658643,1.1212224777264008
3917920,Wet_BFL_Mag_50,9.985046775392462,0.07082271231505394,0.2052283282482203,0.5069810118131334,1.4737424254417493,7.099991911451267
3917920,Wet_Tim,9.985046775392462,30.163333333333338,71,137.2,183.4625,215.80000000000015
3917946,DS_Dur_WS,202.94024535691884,77.89333333333332,105.39375,144,190,225.27500000000003
3917946,DS_Mag_50,202.94024535691884,2.3030900712309244,8.943454542450185,17.059804777903523,31.65016247495908,55.94350967350552
3917946,DS_Mag_90,202.94024535691884,2.9175882635964454,9.11192593676904,19.638416631190392,40.40650057364704,74.71152159945245
3917946,DS_Tim,202.94024535691884,264.0775,284.17499999999995,301,318.25,337.67333333333335
3917946,FA_Dur,202.94024535691884,2,3,5,7.5125,10.910000000000014
3917946,FA_Mag,202.94024535691884,8.382483349041296,18.202011975108213,35.00297047438281,66.64076693713426,128.02519129529895
3917946,FA_Tim,202.94024535691884,4,12.587500000000002,32.8125,45.6375,59.67500000000003
3917946,Peak_10,202.94024535691884,749.3763169178221,1411.8094477777745,2961.7130757336618,5619.635880702966,8114.684915446815
3917946,Peak_2,202.94024535691884,145.59657004771248,346.7373537721771,876.0078722999203,1603.4493027025271,2315.5968516903395
3917946,Peak_5,202.94024535691884,602.1945315566676,1263.602700475735,2009.485155278564,3199.7749219324555,4775.73516104827
3917946,Peak_Dur_10,202.94024535691884,1,1,1,2,3.5
3917946,Peak_Dur_2,202.94024535691884,0.9999999999999992,1,2,5,9.777500000000003
3917946,Peak_Dur_5,202.94024535691884,1,1,2,3.25,5.75
3917946,Peak_Fre_10,202.94024535691884,1,1,1,1.5,2
3917946,Peak_Fre_2,202.94024535691884,1,1,1,2,3
3917946,Peak_Fre_5,202.94024535691884,1,1,1,2,2.25
3917946,SP_Dur,202.94024535691884,43,62.25,85.17500000000001,113.10625,147.66000000000005
3917946,SP_Mag,202.94024535691884,30.651834468567365,68.91935514819227,127.48574447650569,289.2349604226056,539.6516200446554
3917946,SP_ROC,202.94024535691884,0.02443553199999999,0.03870876465416666,0.06231924375,0.094938073625,0.16109669346000005
3917946,SP_Tim,202.94024535691884,151.59750000000005,193.825,218.225,234.925,248.48666666666668
3917946,Wet_BFL_Dur,202.94024535691884,59.47916666666667,86.34791666666666,126.775,178.52083333333331,211.96333333333337
3917946,Wet_BFL_Mag_10,202.94024535691884,1.530508291682961,4.931965667979398,13.61521369296786,23.824216440220845,33.86754008022878
3917946,Wet_BFL_Mag_50,202.94024535691884,10.00419644147086,18.850072282037456,38.36137796918658,63.08057441099335,98.00963315413772
3917946,Wet_Tim,202.94024535691884,19,34.474999999999994,71.83333333333334,118.53125,149.34000000000003
3917948,DS_Dur_WS,158.36914787528903,82.73499999999999,126.6,179.31666666666666,218.63333333333333,244.205
3917948,DS_Mag_50,158.36914787528903,1.0374828207962803,3.640292781964928,8.695604164793913,16.63207761979173,35.55819455165331
3917948,DS_Mag_90,158.36914787528903,1.760988131315294,5.286426924429833,12.288379832647646,26.603312705365862,54.92069089118935
3917948,DS_Tim,158.36914787528903,261.8233333333334,284.4875,303,323.03125,338.65833333333336
3917948,FA_Dur,158.36914787528903,2,3,5.15,8.55,15.35
3917948,FA_Mag,158.36914787528903,7.424538356663005,14.620795292423471,25.88560995276287,44.63430123348169,77.94927523259119
3917948,FA_Tim,158.36914787528903,4,15.2875,37.8875,49.166666666666664,61.743333333333354
3917948,Peak_10,158.36914787528903,724.528163650019,1298.6835643434897,2216.529159768506,3879.2289606427166,5579.8093809823495
3917948,Peak_2,158.36914787528903,113.61967505000342,257.65958263238645,562.5298663611155,1014.7702370030112,1714.331498321209
3917948,Peak_5,158.36914787528903,511.4889387021332,1035.3733558155343,1534.8995364894963,2314.9757977071745,3610.172388123136
3917948,Peak_Dur_10,158.36914787528903,1,1,1.5,2.775,4
3917948,Peak_Dur_2,158.36914787528903,1,1.9999999999999996,6,23,38
3917948,Peak_Dur_5,158.36914787528903,1,1,2,4,7.199999999999999
3917948,Peak_Fre_10,158.36914787528903,1,1,1,1.7083333333333337,2
3917948,Peak_Fre_2,158.36914787528903,1,1,1.3333333333333337,2,3.225
3917948,Peak_Fre_5,158.36914787528903,1,1,1,2,3
3917948,SP_Dur,158.36914787528903,42.09,59.8,87.51666666666667,120.75,154.60750000000002
3917948,SP_Mag,158.36914787528903,16.65945111925571,38.351974173654725,66.79636252799011,144.26329437383416,305.75636454878924
3917948,SP_ROC,158.36914787528903,0.03059588928,0.04484118217499999,0.0629890735625,0.0992115171375,0.15754500987
3917948,SP_Tim,158.36914787528903,189.57833333333332,210.33333333333331,230.05,244.88541666666669,256
3917948,Wet_BFL_Dur,158.36914787528903,58.852500000000006,81.45625,116.95833333333334,175.3625,215.31166666666667
3917948,Wet_BFL_Mag_10,158.36914787528903,1.3747604736357846,4.9838285340980075,10.700991766366888,19.57783138376237,35.895612482707385
3917948,Wet_BFL_Mag_50,158.36914787528903,5.253624545891298,12.071966281391395,26.11547820125503,48.13444361724297,76.65422069316736
3917948,Wet_Tim,158.36914787528903,18.284999999999997,45.72708333333333,110.2,146,170.33999999999995
3917950,DS_Dur_WS,175.14311973806687,80,115.075,163,210,238.8775
3917950,DS_Mag_50,175.14311973806687,1.441882979993963,5.086842032216259,10.302099698654509,20.290827129806033,40.5359018013185
3917950,DS_Mag_90,175.14311973806687,2.192046971795369,6.347671601747868,14.80143768973373,31.547939754499453,62.27910901212131
3917950,DS_Tim,175.14311973806687,265,285.55,303.4,321.90625,338.01250000000005
3917950,FA_Dur,175.14311973806687,2,3,5,8.166666666666668,14.777500000000003
3917950,FA_Mag,175.14311973806687,8.280463608510685,16.155938501866906,27.95260093052383,51.36906523078315,90.52710094391752
3917950,FA_Tim,175.14311973806687,3.633333333333333,13,34.645833333333336,48,60.71500000000001
3917950,Peak_10,175.14311973806687,671.7263207180305,1403.1887676317108,2456.544047399854,4741.602628196005,6170.80558707399
3917950,Peak_2,175.14311973806687,125.65392072168878,281.3251918212035,698.6743974443963,1177.1101167332906,1799.436189549279
3917950,Peak_5,175.14311973806687,551.0373477119246,1108.940516979245,1694.0828904388982,2579.2641061120917,4052.9884072356904
3917950,Peak_Dur_10,175.14311973806687,1,1,1.125,2.5,4
3917950,Peak_Dur_2,175.14311973806687,0.9999999999999992,1.0750000000000002,3.1000000000000005,8.6,24
3917950,Peak_Dur_5,175.14311973806687,1,1,2,4,7.291666666666666
3917950,Peak_Fre_10,175.14311973806687,1,1,1,1.6666666666666667,2
3917950,Peak_Fre_2,175.14311973806687,1,1,1.3333333333333337,2,3.4
3917950,Peak_Fre_5,175.14311973806687,1,1,1,2,2.6666666666666665
3917950,SP_Dur,175.14311973806687,43,61.47916666666667,83.725,109.63541666666669,146.4000000000001
3917950,SP_Mag,175.14311973806687,19.726349002579767,43.82601945990508,72.64832339347689,149.50897619194586,341.68996477630515
3917950,SP_ROC,175.14311973806687,0.02638748718749999,0.041869128575,0.06166032489583333,0.09453568189375,0.15806796275
3917950,SP_Tim,175.14311973806687,165.945,200.4395833333333,222.81666666666663,239.7125,252.305
3917950,Wet_BFL_Dur,175.14311973806687,60.00000000000001,84,122.85416666666669,178.25,216
3917950,Wet_BFL_Mag_10,175.14311973806687,1.4938507427275685,5.538600998724,12.48201304216546,22.423023566347418,34.32447241055304
3917950,Wet_BFL_Mag_50,175.14311973806687,6.35694842256419,14.127644596525748,28.53114258453374,50.6752490162506,74.18460496666776
3917950,Wet_Tim,175.14311973806687,18.44166666666667,36.825,93.025,136.11666666666667,162.8375
